排名,标题,热度
排名,标题,热度
1,习近平同出席开幕式的外方领导人集体合影,
2,Bin哥牛啊, 604003
3,庆余年预约突破700万,剧集 488137
4,6张海报回顾一带一路动人故事, 442971
5,价值观品牌, 
6,警方回应两人与火车相撞不幸身亡, 426257
7,EDG出列, 377609
8,DK 疯牛病, 312530
9,小鹏P7ix吃豆人PAC-MAN, 
10,花海中的迪丽热巴,综艺 312385
11,女孩自制计算器租给同学一天赚20多元, 311437
12,S13瑞士轮第二轮抽签, 278909
13,2023MAMA最佳男女团预测,音乐 236726
14,华晨宇的发际线, 236297
15,EXO公司logo四叶草, 236071
16,宋威龙 三年不见男大十八变,剧集 234958
17,线下那些卖三五百的衣服, 234374
18,云南大妈逼停运钞车是吃了毒蘑菇吗, 234103
19,Elk刷新S13单场伤害纪录, 233719
20,田曦薇公主抱王鹤棣摔跤,剧集 233575
21,入伍前170斤小伙现在能连做3600个俯卧撑, 226341
22,向涵之男装,剧集 204371
23,罗大美遇害案3名嫌疑人已落网, 204167
24,23岁姑娘患乳腺癌与不良生活习惯有关, 202317
25,7岁小女孩天生2个子宫3个肾, 201588
26,今年的古装爆剧, 200643
27,梅花红桃尺度,剧集 199510
28,保证睡眠时间真的很重要, 198537
29,萧敬腾林有慧官宣结婚, 194679
30,熊孩子出门闯社会1小时被送回, 183539
31,专家称海滩失踪女童父亲太理想化, 181585
32,考研人开始卷茶叶了, 178388
33,建议吴京别看这期王牌,综艺 160805
34,BLG现场给Yagao过生日, 159351
35,第一次见男明星聊多巴胺穿搭, 157887
36,芒果TV崩了, 153143
37,B站申请天官赐福谢怜商标, 149291
38,毛晓彤在问心中职业细节拉满,剧集 134910
39,王多多解说, 129095
40,等一个周也王星越二搭,剧集 125441
41,张小泉菜刀又现拍蒜断刀, 123344
42,WBG将对战G2, 123260
43,TheShy亮iG队标, 120753
44,官方回应北京等地拟取消教师编制, 118125
45,老人带1岁男童回家被恶狗撕咬3分钟, 117466
46,在宿舍吃螺蛳粉被舍友说了, 115117
47,大熊猫与小朋友隔窗一起吃零食, 112890
48,王俊凯去乌镇戏剧节了, 112365
49,想拜科比为师的无腿少年参加亚残运会, 101385
50,奶油蜜瓜妆, 101043
51,14岁男孩口渴误喝百草枯肾衰竭, 99597
52,崔胜澈不参与SEVENTEEN此次回归, 98557
53,外公跑一天给坐月子外孙女买土鸡蛋, 92408
排名,标题,热度
1,习近平会见联合国秘书长,
2,Bin哥牛啊, 584486
3,庆余年预约突破700万,剧集 482015
4,6张海报回顾一带一路动人故事, 426493
5,李现湿发大片, 
6,警方回应两人与火车相撞不幸身亡, 406569
7,EDG出列, 338531
8,女孩自制计算器租给同学一天赚20多元, 301655
9,央视网走进国货美妆工厂, 
10,花海中的迪丽热巴,综艺 300504
11,DK 疯牛病, 297604
12,S13瑞士轮第二轮抽签, 260083
13,入伍前170斤小伙现在能连做3600个俯卧撑, 222563
14,华晨宇的发际线, 222554
15,EXO公司logo四叶草, 222507
16,宋威龙 三年不见男大十八变,剧集 222481
17,线下那些卖三五百的衣服, 222450
18,云南大妈逼停运钞车是吃了毒蘑菇吗, 222426
19,Elk刷新S13单场伤害纪录, 222404
20,田曦薇公主抱王鹤棣摔跤,剧集 219918
21,2023MAMA最佳男女团预测,音乐 218152
22,罗大美遇害案3名嫌疑人已落网, 201505
23,向涵之男装,剧集 201064
24,23岁姑娘患乳腺癌与不良生活习惯有关, 200427
25,7岁小女孩天生2个子宫3个肾, 199126
26,今年的古装爆剧, 198096
27,梅花红桃尺度,剧集 197569
28,保证睡眠时间真的很重要, 191098
29,萧敬腾林有慧官宣结婚, 185126
30,考研人开始卷茶叶了, 165222
31,B站申请天官赐福谢怜商标, 148494
32,建议吴京别看这期王牌,综艺 147999
33,专家称海滩失踪女童父亲太理想化, 146544
34,BLG现场给Yagao过生日, 146321
35,芒果TV崩了, 141599
36,第一次见男明星聊多巴胺穿搭, 140018
37,张小泉菜刀又现拍蒜断刀, 131385
38,毛晓彤在问心中职业细节拉满,剧集 128443
39,熊孩子出门闯社会1小时被送回, 124884
40,王多多解说, 121376
41,等一个周也王星越二搭,剧集 120642
42,TheShy亮iG队标, 117860
43,WBG将对战G2, 117821
44,在宿舍吃螺蛳粉被舍友说了, 111072
45,老人带1岁男童回家被恶狗撕咬3分钟, 110539
46,王俊凯去乌镇戏剧节了, 103368
47,官方回应北京等地拟取消教师编制, 102901
48,大熊猫与小朋友隔窗一起吃零食, 100602
49,想拜科比为师的无腿少年参加亚残运会, 97138
50,崔胜澈不参与SEVENTEEN此次回归, 92281
51,14岁男孩口渴误喝百草枯肾衰竭, 91296
52,奶油蜜瓜妆, 89383
53,外公跑一天给坐月子外孙女买土鸡蛋, 88174
